Country,Adult Literacy Rate,ICT Service Exports,R&D Expenditure,Patent Applications,Mobile Subscriptions,Fixed Broadband Subscriptions,Secure Internet Servers (per million),Secure Internet Servers (alt),Internet Users,ICT Goods Imports,High-Tech Exports,Tertiary Education Enrollment,E-Government Index,E-Participation Index,Telecommunication Infrastructure Index
Afghanistan,7.82851624017411,0.8337021895827059,169.19,56.55443457,0.0800873,43.758544404586,1814.0,17.7,37.0,10.8584403991699,0.01,0.0,0.20827,0.1096,0.21672
Albania,3.01397608748124,0.154119998216629,238.59,97.88570679,22.472,1220.33290943972,3351.0,83.1,98.5,64.7293472290039,0.01,0.682326849473647,0.8,0.726,0.77497
Algeria,2.21311390791552,0.478650003671646,7606.65,109.1653573,12.0087,100.294126063305,4630.0,76.9,81.4078369140625,55.5188903808594,0.03,0.960396672710236,0.59556,0.0548,0.8129
Andorra,4.34892555438222,0.8337021895827059,9.6,142.2141211,51.7401,14618.5811813595,1182.0,95.4,85.92277821858724,64.2772369384766,12.56,21.4346319155008,0.68931,0.5479,0.92307
Angola,45.4147601334516,0.0322900004684925,44.99,67.37347427,0.373669,40.2177899448233,1478.0,44.8,72.4000015258789,9.91084957122803,0.02,23.4714139423334,0.41487,0.2192,0.37238
Antigua and Barbuda,0.491266592127263,0.8337021895827059,7.02,197.3825359,10.6818,803.720690985469,75.0,77.6,99.0,24.93044090271,0.7,0.0,0.64282,0.3425,0.79426
Argentina,15.2012582416621,0.549470007419586,9122.18,132.3578095,25.3581,5451.20150353984,248239.0,89.2,97.0,107.047912597656,0.03,5.44959440578319,0.85733,0.6301,0.84254
Armenia,18.8731728802376,0.181150004267693,655.3,135.2539805,18.5458,1166.53850011702,3489.0,80.0,100.0,61.1857986450195,9.78,22.0274064686637,0.84217,0.8493,0.87824
Australia,3.2416431736305,1.8550900220871,62305.03,107.0312028,36.4146,47567.6309507787,1268103.0,97.1,85.92277821858724,106.240760803223,0.7,25.1586416457084,0.9577,0.863,0.95092
Austria,12.6919247443816,3.20047998428345,14537.08,123.4348071,29.6478,42281.0014410145,386100.0,94.9,85.92277821858724,94.5116882324219,4.88,15.9232697881169,0.90653,0.7808,0.98096
Azerbaijan,2.20769612616225,0.181779995560646,1174.57,106.8548072,20.8825,549.736368813028,5582.0,89.0,100.0,41.3907585144043,0.07,2.91095088102775,0.76073,0.4932,0.82034
Bahamas,10.416734362593235,0.8337021895827059,17.75,98.53872346,23.8163,6434.00761065492,2570.0,94.8,85.92277821858724,14.3343200683594,0.71,0.0138247645369376,0.71434,0.3151,0.86522
Bahrain,8.59334863170875,0.101159997284412,671.6,145.4432145,17.0462,5578.10456045081,8797.0,100.0,98.0,71.9592971801758,0.68,0.387343644517371,0.91958,0.9041,0.98773
Bangladesh,10.0420735251627,0.8337021895827059,7056.17,105.2642491,7.51447,388.168008314603,66558.0,44.5,76.0,23.7743072509766,0.05,0.307867105131918,0.65696,0.6164,0.6501
Barbados,0.225770564803364,0.8337021895827059,72.38,114.8585936,37.4843,1059.02187464581,299.0,80.0,99.5,65.0382232666016,1.1,18.4336134860133,0.6815,0.3288,0.7624
Belarus,31.4053956639542,0.578429996967316,1519.37,123.4472552,35.0932,11946.8772968583,109652.0,91.5,100.0,67.0620422363281,1.09,6.01576846359853,0.74449,0.4932,0.91561
Belgium,14.1600401144108,3.40544009208679,17612.3,101.8707731,43.7026,33643.2314340463,396567.0,94.6,85.92277821858724,83.5736465454102,1.64,18.6668227645892,0.81212,0.5068,0.86984
Belize,10.0270257343873,0.8337021895827059,17.74,65.9948854,9.75386,405693.422134437,166783.0,72.4,90.9160385131836,22.705150604248,0.14,0.0,0.48719,0.2329,0.52917
Benin,2.83190861719933,0.8337021895827059,413.69,108.9652901,0.170838,12.4016425727555,175.0,32.2,47.0999984741211,10.647970199585,0.05,4.41801513975982,0.45779,0.3699,0.48171
Bhutan,0.705040537032692,0.8337021895827059,115.3,94.89274144,1.31882,1227.13429172733,965.0,88.4,72.0999984741211,15.0250902175903,15.87,0.0230326501174942,0.6511,0.4932,0.81695
Bolivia,4.34356490070711,0.157000005245209,188.02,99.62307127,10.9975,326.60471004991,3999.0,70.2,94.0,44.2026786804199,0.03,8.16517022638076,0.66508,0.4247,0.7089
Bosnia and Herzegovina,13.0524690363778,0.192279994487762,1039.36,117.8877485,28.5064,5345.87433317855,17027.0,83.4,98.3000030517578,44.9843902587891,0.24,4.96705366555243,0.63293,0.5479,0.77628
Botswana,4.66075249113271,0.560999989509583,392.69,165.3049695,3.41216,441.085635122996,1094.0,81.4,86.8231811523438,21.7908344268799,0.16,0.539469030954736,0.61178,0.274,0.86495
Brazil,12.7458377115322,1.14525997638702,67030.59,98.89102076,22.9115,5628.66295682819,1188440.0,84.2,94.6900024414062,60.3906211853027,0.27,11.1103644206652,0.84026,0.863,0.80685
Brunei Darussalam,10.0959941247275,0.277640014886856,414.38,117.7551548,20.212,8774.3954121264,4027.0,99.0,97.5899963378906,38.2732162475586,0.03,1.01925056768477,0.75536,0.4658,0.9868
Bulgaria,23.8839775551161,0.754209995269775,4784.13,117.4346239,36.0803,54104.3676383629,348789.0,80.4,98.4199981689453,84.1293563842773,3.31,12.0578944173221,0.81453,0.6712,0.91707
Burkina Faso,15.1575780444903,0.251260012388229,411.23,111.6631328,0.0669065,22.583386549057,520.0,17.0,34.4900016784668,10.1689100265503,0.01,3.79784659837351,0.28946,0.2192,0.36402
Burundi,3.86860273478797,0.213119998574257,27.99,57.96130144,0.0203441,10.2999024796467,141.0,11.1,75.5400009155273,6.2220401763916,0.1,1.11792409166671,0.24805,0.2192,0.03305
Cabo Verde,1.50384370732082,0.0662200003862381,22.01,99.2317289,7.23009,951.503931415137,497.0,73.5,91.0,20.2174491882324,0.07,1.15215005835922,0.62378,0.5479,0.61278
Cambodia,5.69796876284965,0.118230000138283,203.2,116.3256071,2.96383,223.199425156739,3889.0,60.7,83.7799987792969,17.9681453704834,2.53,13.0335115656446,0.57536,0.3151,0.76094
Cameroon,9.45307931673651,0.8337021895827059,1506.03,82.77764316,2.18279,17.0586592662161,484.0,41.9,78.2300033569336,15.7919597625732,0.17,2.15123166966613,0.42935,0.4247,0.37004
Canada,13.3202567627962,1.70132994651794,69051.87,91.23062536,43.1752,42549.8820245849,1706155.0,94.0,85.92277821858724,77.3137588500977,1.37,16.7571370158249,0.84516,0.9178,0.80782
Central African Republic,10.416734362593235,0.8337021895827059,19.82,33.55228751,0.0160846,2.5230857493982,13.0,7.51,37.4900016784668,2.72516989707947,0.26,1.87856696826495,0.0947,0.0822,0.0
Chile,6.00816006406058,0.360410004854202,9057.77,134.7453263,22.9954,12299.9658931976,241803.0,94.5,97.1600036621094,99.3372802734375,0.29,10.7195633423709,0.88266,0.8356,0.94553
China,17.4960413801051,2.55518007278442,898949.09,124.8775379,44.7289,1508.37096213963,2127874.0,77.5,97.0,74.823600769043,22.64,26.5682136542881,0.87184,0.9315,0.89954
Colombia,10.4188407364376,0.289400011301041,9683.4,155.7854178,17.037,1109.11166481961,58030.0,77.3,96.0,59.2901382446289,0.29,8.59989159781141,0.7793,0.7397,0.80654
Comoros,11.6872752233131,0.8337021895827059,3.74,100.2382961,0.387941,18.8149630697553,16.0,35.7,61.7099990844727,9.6282901763916,0.09,0.206883909574449,0.25862,0.0,0.35368
Costa Rica,14.3989506651499,0.33788999915123,711.36,152.0251489,22.5231,1956.70376699752,9990.0,85.4,98.0400009155273,54.7189712524414,0.83,24.177789153066,0.80089,0.726,0.89327
Croatia,7.68779664982501,1.40322995185852,5711.14,111.1680153,28.4709,29421.5643448716,113558.0,83.2,99.4499969482422,80.7626724243164,1.6,11.0335908814715,0.88175,0.9178,0.91799
Cuba,10.416734362593235,0.360119998455048,1237.5,67.78418241,2.97118,169.329553878332,1866.0,71.3,99.6731109619141,48.9434585571289,0.68,7.87558913182664,0.49214,0.0548,0.53183
Cyprus,30.2242370404501,0.745270013809204,1866.52,148.7380631,38.7322,557174.254410488,749386.0,91.2,99.3600006103516,98.3045806884766,1.66,18.5212981753698,0.86187,0.6986,0.89406
Czech Republic,18.0280903986131,1.96420001983643,14425.23,128.4101866,37.9249,80152.0281309664,870775.0,86.0,85.92277821858724,70.8145904541016,16.1,22.4045215279558,0.82394,0.589,0.92043
Democratic Republic of the Congo,3.41580400885603,0.406379997730255,237.5,50.3424172,0.0322275,8.82883424668128,934.0,30.5,80.5400009155273,6.66692018508911,0.01,0.199611665225369,0.27149,0.2466,0.15906
Denmark,7.65476488731896,2.89051008224487,16126.02,126.549332,44.4825,261262.408036924,1553715.0,99.8,85.92277821858724,84.5866088867188,3.71,17.1962013476568,0.98474,0.9863,0.99662
Djibouti,9.38744959208374,0.8337021895827059,13.16,46.32720375,1.47206,63.3161714706005,73.0,65.0,85.92277821858724,5.21012020111084,0.15,3.27550022198031,0.29105,0.0959,0.38402
Dominica,1.9031986869152,0.8337021895827059,5.17,85.85731647,20.8601,66516.3133363404,4424.0,83.8,85.92277821858724,6.94106006622314,7.77,2.88328233207454,0.54452,0.3014,0.67566
Dominican Republic,0.451559934318555,0.8337021895827059,109.82,90.39141331,11.1346,216.480684195454,2453.0,84.6,95.5,55.1665306091309,0.56,6.03092939982151,0.70127,0.6575,0.7444
Ecuador,2.30370535124889,0.438389986753464,3573.97,97.16544081,16.0679,475.303701323292,8546.0,77.2,94.0,59.8797798156738,0.04,7.27423385399254,0.77997,0.8767,0.68335
Egypt,4.31097506612381,1.03356003761292,24025.0,93.20626903,11.8663,53.3021246846793,6105.0,72.7,74.5,39.3823089599609,2.38,3.17962429152873,0.66994,0.589,0.69456
El Salvador,8.2740143730229,0.142800003290176,54.79,181.6273204,10.6812,181.785792624093,1147.0,67.7,90.0,32.2285118103027,0.4,5.47321599779408,0.5988,0.3836,0.75264
Eritrea,13.5308915968361,0.8337021895827059,34.32,49.74709362,0.165393,0.288152052074839,1.0,20.0,76.5705184936523,3.00972008705139,0.23,10.52637930741514,0.15762,0.0137,0.14054
Estonia,23.4551700340512,1.78205001354218,1842.31,155.0300061,37.7484,112224.017467886,153779.0,93.2,99.870002746582,71.4251937866211,7.28,16.581160524959,0.97274,0.9589,0.97309
Eswatini,4.1720618619313,0.267540007829666,43.19,122.1702298,2.74627,139.779895425134,172.0,57.6,90.7470169067383,6.17659997940063,0.05,0.285307158606886,0.60812,0.3836,0.78511
Ethiopia,2.12373982426622,0.274370014667511,7155.92,56.02453443,0.451577,17.4681050894878,2248.0,16.7,51.7711791992188,7.73872995376587,0.71,3.75062055802087,0.31109,0.1644,0.26592
Fiji,1.64316708221271,0.8337021895827059,212.83,107.2344015,2.53377,229.40123032641,212.0,79.3,85.92277821858724,60.3241920471191,0.5,1.64679784443044,0.67544,0.3973,0.75067
Finland,29.7644235176774,2.96468997001648,12012.73,128.6830329,35.3318,153868.49826224,859188.0,93.5,85.92277821858724,104.944221496582,2.6,9.71402259549133,0.95746,0.8904,0.97909
France,7.59054625989944,2.23311996459961,65888.42,118.8472962,48.6192,52082.5872535037,3556589.0,86.8,85.92277821858724,71.4203109741211,3.65,23.6797082010726,0.87442,0.8082,0.92281
Gabon,0.768761811863683,0.579240024089813,95.12,125.387067,3.30446,43.0620064721793,107.0,71.9,85.6900024414062,14.7383832931519,0.02,1.77313570365975,0.57408,0.1233,0.8263
Gambia,0.421716163164668,0.0693299993872643,78.46,101.4408792,0.215819,52.2639365864236,141.0,45.9,58.6699981689453,2.66229009628296,0.0,2.3423098344067,0.25517,0.1781,0.38766
Georgia,12.6452653937607,0.252829998731613,598.53,156.086567,28.9528,5251.80710018051,19513.0,81.9,100.0,80.2798004150391,1.26,3.73851456652379,0.77923,0.5616,0.90713
Germany,10.9161462748692,3.13235998153687,113976.3,125.2251369,45.3805,139985.026416907,11657953.0,93.5,85.92277821858724,77.3656997680664,4.77,17.8508979027451,0.93821,0.9726,0.92359
Ghana,2.07287835171577,0.376549988985062,3075.26,119.6243981,0.660893,48.1533130456056,1627.0,69.9,80.379997253418,21.990140914917,0.02,2.11003762211445,0.63169,0.5342,0.72814
Greece,2.81200583443239,1.48596000671387,15105.34,109.0631741,43.7095,14229.661985464,148068.0,85.0,94.0,166.665649414062,2.82,15.011494857431,0.86737,0.6712,0.86568
Grenada,0.704934758229431,0.8337021895827059,52.76,81.06733007,29.7674,614.958874625259,72.0,74.1,98.4000015258789,96.8923263549805,1.79,3.00776134164197,0.64577,0.2466,0.67674
Guatemala,14.0346557537108,0.0586300007998943,121.38,115.1820498,5.08083,109.187182804061,1979.0,56.1,83.0311737060547,27.2776298522949,0.26,5.77662450839393,0.57383,0.4658,0.58427
Guinea,47.2973917907839,0.8337021895827059,47.18,101.9442494,0.00627529,10.4821308131051,151.0,26.5,45.3300018310547,6.7185697555542,0.02,0.899971742078623,0.40059,0.5068,0.4323
Guinea-Bissau,26.4008007199133,0.8337021895827059,14.77,125.9324571,0.310448,6.50153087832431,14.0,32.5,53.9000015258789,2.52465009689331,3.2040176602971253,5.80645161290323,0.30831,0.2192,0.49023
Guyana,0.860901501492639,0.8337021895827059,28.87,106.3926311,12.9356,101.651473401803,84.0,81.7,90.0299987792969,11.6349601745605,0.01,15.7138926801315,0.54432,0.2192,0.69418
Haiti,1.43871246787178,0.8337021895827059,37.56,63.9349717,0.306791,7.38996810111676,86.0,39.3,68.0098571777344,1.04627001285553,3.2040176602971253,10.52637930741514,0.21165,0.0959,0.20874
Honduras,2.94271785315153,0.059969998896122,159.18,76.0806241,4.47165,138.188876481221,1471.0,58.3,89.0,22.1740608215332,0.33,3.30891556062124,0.48559,0.3014,0.47992
Hungary,9.84614936463825,1.39472997188568,8801.72,104.0561504,36.7902,53717.7865400025,515271.0,91.5,99.0999984741211,58.0702514648438,10.33,17.8912645285025,0.8043,0.5479,0.82821
Iceland,7.92722038204052,2.6003999710083,765.6,122.5171495,37.4246,85402.5305771719,33593.0,99.8,85.92277821858724,84.985237121582,0.19,53.9722930663779,0.96707,0.9589,0.99829
India,48.1688192762242,0.645579993724823,207390.38,80.64857717,2.35232,966.082590066802,1389294.0,55.9,77.0,33.1165237426758,2.77,14.9343472986716,0.66776,0.6575,0.57004
Indonesia,8.25334916628967,0.280680000782013,31947.1,114.9005566,4.81664,2722.38990575723,765509.0,69.2,96.0,45.1352272033691,2.92,9.08308687782522,0.79911,0.7945,0.86448
Iran,10.416734362593235,0.72664999961853,60939.82,164.5020873,12.0206,6599.35473971613,597959.0,79.6,88.9599990844727,60.6945381164551,0.02,0.814007923197325,0.65639,0.1781,0.89869
Iraq,1.61329242648833,0.0406999997794628,13407.6,98.18424176,17.2313,43.6393011863656,1967.0,81.7,86.0,15.499340057373,3.2040176602971253,10.52637930741514,0.45721,0.0959,0.68736
Ireland,57.2340304597094,0.962639987468719,9254.27,113.2768198,31.8399,150045.406586781,796381.0,96.5,85.92277821858724,76.6049499511719,8.59,47.7737732849219,0.91377,0.9178,0.95987
Israel,61.7668959300845,6.01923990249634,15417.46,152.2222464,29.8678,13047.4755550089,127299.0,87.0,92.0,57.6379203796387,13.45,37.2972748262903,0.90143,0.6986,0.97633
Italy,6.44900435225648,1.39014005661011,90585.64,132.971226,33.7932,30239.3103644089,1783922.0,87.0,99.0,73.8962097167969,1.99,9.9836968942283,0.83557,0.6575,0.90167
Jamaica,2.41918200303175,0.0609599985182285,168.07,106.2021796,15.7852,190.859452085474,542.0,83.4,80.0,26.4131107330322,0.28,2.64698979146794,0.66777,0.4384,0.72963
Japan,5.66638440481905,3.40536999702454,103722.96,167.5231573,38.5463,31701.7121806602,3947391.0,87.0,85.92277821858724,64.6288299560547,8.16,17.5547415163067,0.9351,0.9863,0.95091
Jordan,0.345024195552696,0.695469975471497,5249.35,67.56799743,7.03749,182.967132441716,2093.0,92.5,95.0,33.0567016601562,0.68,2.08415985427159,0.68493,0.6164,0.64992
Kazakhstan,6.86862817368628,0.144720003008842,3550.75,130.4206754,17.6345,5814.13651400898,118202.0,92.9,99.8000030517578,56.5271034240723,1.85,34.4293373196596,0.90093,0.8493,0.92353
Kenya,14.0472962016628,0.808740019798279,2007.14,121.6735548,2.38883,297.132205291086,16443.0,35.0,82.879997253418,10.5694704055786,0.29,3.04169416728318,0.6314,0.5205,0.59015
Kiribati,2.92387890263218,0.8337021895827059,2.03,48.82650573,0.332,22.6363842148947,3.0,88.0,97.9597091674805,44.2026786804199,0.19,2.29693114054698,0.45723,0.3288,0.35438
Kuwait,45.7666174582708,0.0975999981164932,1334.56,180.9950542,1.01366,385.501357805424,1871.0,99.7,96.0,61.558048248291,0.15,1.78499675433497,0.7812,0.3014,0.99883
Kyrgyzstan,2.75665664879662,0.0587599985301495,236.83,130.3819712,6.44653,816.366773477939,5796.0,88.5,99.5999984741211,56.0175933837891,4.67,18.5729291851162,0.7316,0.4658,0.88154
Laos,7.55797049542745,0.0370999984443188,83.93,64.95535792,2.4274,274.103316206551,2101.0,63.6,87.5199966430664,14.901439666748,2.98,7.28644637663924,0.44038,0.2877,0.53382
Latvia,16.9168334291474,0.763819992542267,1690.44,117.0957679,25.9925,26170.1408030595,49133.0,92.2,99.8899993896484,91.3303680419922,7.28,18.3733834188523,0.88522,0.7808,0.96597
Lebanon,1.77653813888075,0.8337021895827059,2091.17,76.67627276,7.29167,676.020565020171,3903.0,83.5,93.0,60.1667213439941,0.96,4.30236078360336,0.5449,0.4658,0.64246
Lesotho,0.0884783442873781,0.0510100014507771,47.96,67.51784393,0.383738,89.1206988447189,206.0,48.0,82.0100021362305,9.7244701385498,0.54,0.0742607412455623,0.41229,0.2055,0.46427
Liberia,10.416734362593235,0.8337021895827059,25.91,31.82876165,0.274673,9.28449156758809,51.0,23.5,48.3013610839844,11.2590703964233,3.2040176602971253,0.643718596498284,0.25133,0.1644,0.12379
Libya,32.1256038647343,0.8337021895827059,407.95,204.6286291,4.51841,112.241756698472,820.0,88.5,76.5,61.6012802124023,0.0,0.604680774692483,0.54662,0.0137,0.9639
Lithuania,10.8078132906687,1.05318999290466,3132.62,139.1367809,28.231,96899.7957573953,278256.0,88.5,99.8300018310547,76.9154586791992,3.2,14.4028959953361,0.91104,0.8356,0.96309
Luxembourg,4.27912266606401,0.976530015468597,1170.6,137.0751156,38.327,60480.4705670513,40306.0,98.8,85.92277821858724,21.032600402832,1.24,6.05174975821516,0.84658,0.6301,0.98876
Madagascar,20.8887227889548,0.0127499997615814,156.66,70.18472487,0.107754,22.1823794204962,692.0,20.4,77.4800033569336,6.4074501991272,0.03,0.478060054077076,0.32346,0.3014,0.15178
Malawi,32.3774760972951,0.8337021895827059,361.73,60.12725997,0.0795566,27.6718471460233,584.0,18.0,68.0800018310547,0.851849973201752,0.23,5.31056594105904,0.37534,0.4521,0.18862
Malaysia,9.44804679894627,0.950550019741058,26506.35,141.2923164,13.0287,8082.51982602892,283909.0,97.7,96.0,41.2618560791016,32.19,59.4155074421789,0.81114,0.6986,0.98618
Maldives,0.979112138467307,0.8337021895827059,35.87,136.5417622,18.7278,1237.6567033084,651.0,84.7,97.8600006103516,49.9534454345703,0.0,0.18950505737955,0.67453,0.4795,0.78856
Mali,38.1736778749972,0.173849999904633,118.09,114.4971206,0.77422,14.0518412813394,334.0,35.1,31.0,4.73440647125244,0.09,5.479696587969,0.30053,0.274,0.44323
Malta,1.65251542048844,0.604330003261566,593.57,131.5920538,44.2802,4823.18311994457,2666.0,92.1,94.9400024414062,78.6229400634766,25.7,43.2692793209479,0.8886,0.7397,0.97466
Mauritania,1.99812184858134,0.0101899998262525,26.47,113.1204131,0.285214,34.6445085168746,174.0,37.4,66.9599990844727,5.95125007629395,0.0,2.3506462344976,0.34912,0.1233,0.58239
Mauritius,4.16476138725035,0.234009996056557,238.86,161.3582163,26.9082,2466.21640374897,3110.0,79.5,92.1500015258789,44.2026786804199,0.81,1.01453890078417,0.75061,0.411,0.91586
Mexico,2.92240599051662,0.268189996480942,21027.1,100.2881985,20.5322,412.117306307005,53468.0,81.2,95.0,46.4061317443848,13.72,17.5686775936758,0.78499,0.7397,0.83101
Moldova,25.789480153901,0.223419994115829,283.96,127.4162572,27.4209,11525.8344613825,28328.0,80.2,99.5999984741211,61.3014030456543,0.27,2.61708440538272,0.77195,0.726,0.8118
Mongolia,3.74124560934214,0.0836500003933907,262.05,142.2895592,14.5529,2354.68502461116,8197.0,83.0,99.0,65.3136138916016,0.01,30.8141690897359,0.84569,0.7808,0.93741
Montenegro,7.02119779784845,0.36327999830246,294.93,203.1681662,32.0155,2247.73076567285,1385.0,89.8,98.9800033569336,55.1743011474609,0.79,7.99520160312392,0.72111,0.5068,0.92291
Morocco,9.11743222959442,0.660359978675842,8445.14,137.4592738,6.4715,567.610133561799,21406.0,91.0,77.3499984741211,47.709358215332,2.36,5.43070567261144,0.68411,0.4384,0.88273
Mozambique,1.17961840629408,0.308140009641647,194.32,42.07158261,0.197785,37.1040304253049,1248.0,19.8,60.0,7.30147504806519,0.03,2.74244557815277,0.28476,0.2055,0.06321
Myanmar,2.24040290360038,0.023760000243783,163.39,106.6964737,2.7983,20.1722406397571,1092.0,58.5,89.0,20.3939208984375,0.17,2.94631414241606,0.50007,0.1644,0.66618
Namibia,2.01531553489841,0.646470010280609,219.77,113.1970166,3.51953,389.457644793704,1154.0,64.4,92.25,28.8917407989502,0.21,0.0640756369249413,0.60074,0.274,0.72879
Nepal,15.5612136767327,0.302199989557266,1699.22,127.2282803,4.83217,642.608117418196,19082.0,55.8,71.1500015258789,17.8263874053955,0.21,0.617520704475872,0.57813,0.2192,0.76529
Netherlands,9.10525983301044,2.25533008575439,34311.17,118.0652669,43.2644,194962.867894191,3485374.0,97.0,85.92277821858724,89.3898620605469,7.49,24.1160659895902,0.95384,0.9315,0.97151
New Zealand,7.28500561070959,1.46569001674652,9213.62,114.6898687,37.3153,18909.6513564741,98767.0,96.2,85.92277821858724,77.0104675292969,1.08,12.9543076787783,0.92654,0.9315,0.87281
Nicaragua,18.0938961122142,0.10741999745369,41.45,97.10898703,5.43031,103.464249804319,706.0,58.2,82.6145477294922,29.5410194396973,0.03,0.804653157141111,0.53181,0.2329,0.58512
Niger,25.4590522387256,0.8337021895827059,73.56,56.38600069,0.0541562,4.74008526113684,124.0,23.2,38.0999984741211,4.59342241287231,0.14,8.96675024256666,0.21157,0.2055,0.15783
Nigeria,4.28453688122346,0.284440010786057,9408.02,101.6857635,0.0512838,47.5989986876815,10847.0,39.2,63.1555404663086,11.8107748031616,0.09,3.53042370294988,0.48146,0.3699,0.48355
North Macedonia,20.9636612708518,0.395020008087158,532.17,97.83329942,28.0036,1857.95506768734,3396.0,87.2,97.5999984741211,53.1601181030273,0.63,6.3599119716616,0.70704,0.5753,0.75459
Norway,7.98812436869198,1.55752003192902,14068.95,110.6788541,45.6645,37715.0928129859,208172.0,99.0,85.92277821858724,97.6419830322266,0.47,26.259236068581,0.93153,0.863,0.96539
Oman,6.40546079760669,0.367289990186691,1588.15,135.0769728,10.8793,279.446391150878,1411.0,95.3,97.0,45.5870094299316,0.51,5.00539346096146,0.85759,0.6575,0.96739
Pakistan,36.1601311600161,0.163749992847443,22642.68,81.74691267,1.35622,113.359557368847,28057.0,27.4,58.0,11.2206001281738,0.08,1.90280938998427,0.50955,0.4932,0.47453
Palau,0.799749798945581,0.8337021895827059,6.45,132.927167,7.33345,1353.86698256896,24.0,27.0,97.0,34.618537902832,0.03,51.6836869301107,0.50724,0.3014,0.49096
Panama,3.0318657512218,0.157910004258156,376.12,156.3065885,18.1341,2621.1329206176,11687.0,78.0,96.0,58.173511505127,17.82,1.00049164015675,0.72981,0.5205,0.8523
Papua New Guinea,0.146187964782598,0.031580001115799,83.33,48.42485057,0.214639,86.3360454914922,897.0,24.1,70.0636825561523,1.95492005348206,0.01,40.0540621623383,0.30756,0.1918,0.18513
Paraguay,0.627197050943787,0.119439996778965,208.68,127.7049687,12.8221,643.177395689689,4402.0,78.1,95.0,37.7850494384766,0.08,10.5004049492786,0.72507,0.6027,0.79468
Peru,2.25326346934085,0.161779999732971,4584.96,122.0264016,10.4219,749.75734671937,25376.0,79.5,94.0,71.2465515136719,0.06,5.01572012821525,0.807,0.7534,0.83638
Philippines,14.6860895821014,0.322219997644424,3961.49,144.0428223,6.53931,305.497725722229,35099.0,83.8,98.0,45.2818946838379,50.71,63.977928897569,0.76212,0.726,0.75544
Poland,15.486615880834,1.4538300037384,37368.15,131.9444373,26.114,37340.960521191,1369941.0,86.4,99.8000030517578,75.2911071777344,6.47,9.89435682053147,0.8648,0.7534,0.96034
Portugal,8.39198080628629,1.70178997516632,19622.76,124.5494123,44.1116,28927.204260395,305997.0,85.8,96.7799987792969,75.557243347168,3.28,6.68041454594646,0.84153,0.6438,0.89791
Qatar,4.29634491383363,0.680580019950867,2649.64,174.1281471,11.6411,449.542776593053,1194.0,99.7,98.0,35.0854911804199,0.0,2.78003630297901,0.82438,0.4795,0.99634
Republic of the Congo,5.46432892689928,0.383390009403229,90.39,96.78757313,1.26798,18.5997313551845,115.0,38.4,80.6100006103516,10.3542900085449,0.09,4.32722654163177,0.33912,0.0822,0.27758
Romania,25.7439640988509,0.45881000161171,11669.69,118.1071502,34.6617,26836.8301148211,511496.0,89.2,99.0,58.2390403747559,2.83,12.6747408327123,0.76364,0.6849,0.89224
Russia,7.00278726808368,0.925270020961761,84251.73,168.9847242,24.6346,23603.5969263721,3394814.0,92.2,100.0,53.9151916503906,0.52,9.72984772707015,0.85325,0.6438,0.95118
Rwanda,3.07229949519383,0.794449985027313,352.94,79.86005064,0.445556,129.134239484965,1802.0,34.2,79.0,8.88624000549316,0.87,4.78472979585672,0.57993,0.7534,0.37235
Saint Kitts and Nevis,0.724171754896227,0.8337021895827059,38.87,119.1089358,46.7447,8233.88511056931,385.0,76.4,85.92277821858724,92.1944808959961,26.47,34.6026368990477,0.63054,0.2055,0.86745
Saint Lucia,0.843906596374905,0.273739993572235,4.69,95.63211097,13.5719,702.791644588225,126.0,70.1,85.92277821858724,16.2592697143555,5.63,9.33224017462958,0.52547,0.137,0.6498
Saint Vincent and the Grenadines,1.76899782531243,0.113899998366833,8.36,100.4617693,30.4936,167.780267066707,17.0,76.0,96.9000015258789,40.9883728027344,0.41,4.93442861881868,0.58762,0.3425,0.67675
Samoa,6.74463677303409,0.8337021895827059,16.2,60.40057199,0.877539,618.472004910852,134.0,58.1,99.0999984741211,13.4067001342773,0.04,5.7420173193689,0.4899,0.3014,0.46065
Sao Tome and Principe,1.89567748972604,0.8337021895827059,3.8,86.77896033,2.5014,38.9828085814156,9.0,61.5,93.75,16.6602973937988,0.06,29.2734328924522,0.43078,0.1644,0.48394
Saudi Arabia,3.49360866932368,0.564859986305237,25825.3,132.3800002,43.5732,431.153021384011,14342.0,100.0,98.0,73.7492065429688,0.4,0.590629141767828,0.96022,0.9589,0.98411
Senegal,8.67023419984249,0.577199995517731,450.9,120.4336409,1.97393,46.1898286899464,835.0,60.6,57.6699981689453,17.2958393096924,0.42,1.60473886534447,0.51625,0.4247,0.73285
Serbia,26.2535842010438,0.950049996376038,5379.47,123.7205974,31.315,12647.8462092924,83769.0,85.4,99.0,73.2060012817383,1.43,4.54619756956742,0.86184,0.8904,0.92206
Seychelles,0.560583092295521,0.201700001955032,20.24,191.50843,30.7719,52607.8498492983,6301.0,87.4,96.1999969482422,14.0341396331787,0.05,0.0384062538993691,0.67733,0.3014,0.89126
Sierra Leone,0.378515121886121,0.8337021895827059,86.77,97.70150515,0.00227312,13.356165678862,113.0,20.6,48.6399993896484,1.92174005508423,0.02,0.736114020377876,0.30422,0.3288,0.25851
Singapore,8.17163164446749,2.15626001358032,12700.34,156.4790531,27.1873,228648.442759691,1353061.0,94.3,98.0,98.0222320556641,32.68,56.1383758562278,0.96912,0.9589,0.98806
Slovakia,16.2066411565774,0.979390025138855,5390.39,131.9254542,33.1726,39911.9913612961,216592.0,89.8,85.92277821858724,52.4959106445312,10.48,9.65058093359051,0.80214,0.6986,0.89851
Slovenia,8.36068302333239,2.09524989128113,4073.69,126.1838135,32.2361,63978.5405154822,135664.0,90.4,99.5999984741211,82.3922576904297,2.17,8.20345582131026,0.87589,0.7808,0.91072
Solomon Islands,2.71584437796667,0.8337021895827059,11.06,66.96324509,0.107033,78.7495078155762,63.0,42.5,77.0,44.2026786804199,0.01,1.35922325473902,0.36811,0.3699,0.18109
South Africa,9.37650031541184,0.617290019989014,16651.13,167.3958702,3.40566,14786.991738834,934721.0,75.7,90.0,27.1743202209473,0.71,5.70575841482322,0.86162,0.8356,0.89512
Spain,11.1760599080496,1.43532001972198,67099.71,124.0994495,38.0836,28736.5679302373,1389353.0,95.4,99.0,94.5131072998047,1.37,9.56253561613111,0.9206,0.8082,0.96031
Sri Lanka,16.9244189853004,0.105060003697872,2482.89,143.0794174,8.76545,482.370558605981,10630.0,51.2,92.0,22.9647026062012,0.19,1.41723845257758,0.66668,0.411,0.79359
Sudan,0.0588545658356921,0.224999994039536,507.12,73.96660858,0.0604394,2.13817011125539,107.0,26.4,60.6971817016602,17.2059803009033,0.01,2.20240348221045,0.27594,0.0685,0.43922
Suriname,11.1359778744309,0.8337021895827059,13.33,150.2880072,20.026,1388.1689209173,873.0,78.4,95.0,5.9513897895813,0.08,3.21274943551639,0.63655,0.2877,0.87141
Sweden,21.3856970593815,3.40822005271912,22353.75,125.0711442,40.734,52996.3464606147,558403.0,95.7,85.92277821858724,83.8976135253906,5.27,17.6225666444459,0.93262,0.7945,0.98679
Switzerland,11.2054955956156,3.30644989013672,24247.97,119.5610489,48.7898,163635.101477899,1454404.0,97.3,85.92277821858724,74.1526794433594,1.0490728917,29.2751803024228,0.90035,0.8219,0.95757
Syria,1.91813899014712,0.0730599984526634,584.3,79.67746006,6.86125,93.2839655882614,2201.0,34.7,94.0,46.5840187072754,0.02,1.38292716055376,0.38876,0.0685,0.44256
Tajikistan,2.78930928483358,0.0896899998188019,110.17,118.8094765,0.0612833,123.775253015001,1286.0,56.8,99.6999969482422,34.6658744812012,0.23,1.62712759033372,0.56055,0.274,0.58098
Tanzania,0.900310176616552,0.514559984207153,1171.41,91.89984822,2.499,52.5836968683624,3503.0,29.1,82.0199966430664,5.21874570846558,0.13,5.06811053608461,0.43272,0.2877,0.37921
Thailand,0.818271995380878,1.159019947052,18490.53,176.3169269,16.0162,3002.53401436088,215289.0,89.5,91.0998687744141,46.1752090454102,16.12,28.3057768762254,0.8351,0.7534,0.94101
Timor-Leste,1.91737688845179,0.8337021895827059,13.94,110.4161199,0.00577915,240.557225891181,333.0,34.0,69.9000015258789,30.8398704528809,0.26,10.52637930741514,0.40202,0.3288,0.35506
Togo,6.92168773862945,0.190740004181862,134.74,74.18189659,1.22816,91.4627232440098,851.0,37.0,67.0,15.0659399032593,0.13,0.573585599316818,0.39198,0.4521,0.24736
Tonga,13.1558129410573,0.8337021895827059,4.63,60.67706123,8.17387,879.566335554557,92.0,58.5,99.4000015258789,51.2195091247559,0.78,2.69650608767328,0.51639,0.3288,0.47841
Trinidad and Tobago,5.43106111005038,0.047800000756979,261.85,130.5663978,26.8942,428.516062039766,586.0,84.7,97.9000015258789,11.5449304580688,0.06,1.96311662299562,0.69726,0.3288,0.77454
Tunisia,4.64871425750887,0.746580004692078,5730.03,129.2577838,14.1436,818.331745821111,9984.0,72.4,85.2149276733398,38.4501686096191,4.26,7.70110744284105,0.69348,0.4521,0.83566
Turkmenistan,10.416734362593235,0.140000000596046,21.92,98.62541796,5.21711,138.775015826055,1022.0,21.3,99.4000015258789,18.2516593933105,0.01,10.52637930741514,0.47569,0.0411,0.51512
Uganda,2.66313695721108,0.310900002717972,1244.0,69.986293,0.091297,51.6271163289848,2512.0,15.3,80.5899963378906,4.75620269775391,0.15,1.40810780488794,0.44636,0.4384,0.2299
Ukraine,41.4648837489459,0.326530009508133,13205.56,135.025689,19.675,9888.25753781136,373112.0,82.4,100.0,75.9079437255859,0.91,6.68812192869261,0.88407,1.0,0.84278
United Arab Emirates,10.416734362593235,1.49468994140625,6401.84,212.2208173,37.0968,2119.66117852284,22222.0,100.0,98.0,61.3456115722656,8.45,9.61865772738817,0.95328,0.7808,1.0
United Kingdom,9.4887290749911,2.89710998535156,105583.93,120.8191165,41.0407,47452.8310168252,3243401.0,96.3,85.92277821858724,80.1511001586914,3.39,28.8917146113567,0.95773,0.9726,0.97467
United States of America,6.88003911969008,3.58623003959656,457335.25,110.1664718,38.0508,187747.203659007,62879335.0,93.1,85.92277821858724,79.361930847168,7.85,24.322982844202,0.91945,0.9452,0.96052
Uruguay,18.3939643143061,0.625919997692108,1057.66,138.526391,32.4022,4353.20170916811,14749.0,89.9,99.0,76.3977432250977,0.07,10.7072308737214,0.90059,0.863,0.94374
Uzbekistan,8.11660704896229,0.125269994139671,2187.4,103.0681174,30.2699,823.873753807853,29373.0,89.0,100.0,45.8428611755371,0.53,2.82239070122292,0.7999,0.6986,0.87687
Vanuatu,8.2179112571746,0.8337021895827059,14.7,78.19948583,1.12635,1635.4097419236,524.0,45.7,89.0999984741211,4.88091993331909,0.04,10.52637930741514,0.54271,0.4658,0.61652
Venezuela,4.98054474708171,0.689999997615814,512.19,63.41889546,9.58036,223.456154361985,6324.0,61.6,97.5999984741211,78.7361907958984,0.0,10.52637930741514,0.53603,0.2192,0.53905
Viet Nam,10.416734362593235,0.42493999004364,10530.19,139.9496874,22.6807,5256.30770476842,527482.0,78.1,96.0,42.2242393493652,38.0,42.689178907016,0.77092,0.6027,0.87797
Yemen,25.363345481351,0.8337021895827059,415.15,46.0195416,1.27124,6.95593912679964,274.0,13.8,54.0999984741211,9.31793022155762,0.08,4.82928415383478,0.23175,0.1507,0.29045
Zambia,2.68120744982854,0.278189986944199,344.27,99.10241824,0.477471,54.9605251697733,1139.0,33.0,87.5,3.97994995117188,0.03,1.16356588883727,0.54237,0.411,0.5088
Zimbabwe,3.87019418654021,0.8337021895827059,563.05,87.62450647,1.64735,89.3467905102938,1460.0,38.4,89.8499984741211,9.72360515594482,0.02,1.94218828246376,0.44807,0.274,0.39471
